"FirmID","Cohort_Year","Year","VP","Gov","Treated","EventTime"
"1521 HK Equity",NA,2019,-3.11,NA,0,NA
"1521 HK Equity",NA,2020,-6.22,NA,0,NA
"1521 HK Equity",NA,2021,-7.09,NA,0,NA
"1521 HK Equity",NA,2022,-4.06,NA,0,NA
"1521 HK Equity",NA,2023,-3.49,5.453738689,0,NA
"1521 HK Equity",NA,2024,-5.09,5.435391426,0,NA
"1521 HK Equity",NA,2025,-5.08,4.671311378,0,NA
"950160 KS Equity",NA,2019,NA,NA,0,NA
"950160 KS Equity",NA,2020,NA,NA,0,NA
"950160 KS Equity",NA,2021,NA,NA,0,NA
"950160 KS Equity",NA,2022,NA,NA,0,NA
"950160 KS Equity",NA,2023,NA,NA,0,NA
"950160 KS Equity",NA,2024,NA,NA,0,NA
"950160 KS Equity",NA,2025,NA,NA,0,NA
"ABSI US Equity",2021,2019,NA,NA,0,-2
"ABSI US Equity",2021,2020,NA,NA,0,-1
"ABSI US Equity",2021,2021,85.83,NA,1,0
"ABSI US Equity",2021,2022,-4.17,NA,1,1
"ABSI US Equity",2021,2023,84.53,6.235205173,1,2
"ABSI US Equity",2021,2024,57.33,6.747514248,1,3
"ABSI US Equity",2021,2025,108.32,5.915585995,1,4
"AGIO US Equity",2023,2019,15.76,5.962852478,0,-4
"AGIO US Equity",2023,2020,-0.18,6.077861786,0,-3
"AGIO US Equity",2023,2021,NA,4.845802784,0,-2
"AGIO US Equity",2023,2022,23.61,6.020469189,0,-1
"AGIO US Equity",2023,2023,23.44,6.379606247,1,0
"AGIO US Equity",2023,2024,5.26,6.652458191,1,1
"AGIO US Equity",2023,2025,3.09,6.925976276,1,2
"ALLO US Equity",NA,2019,NA,NA,0,NA
"ALLO US Equity",NA,2020,NA,5.062881947,0,NA
"ALLO US Equity",NA,2021,13.38,5.81676054,0,NA
"ALLO US Equity",NA,2022,3207.32,5.553154469,0,NA
"ALLO US Equity",NA,2023,4273.54,5.517624855,0,NA
"ALLO US Equity",NA,2024,8837.05,5.216411591,0,NA
"ALLO US Equity",NA,2025,NA,5.201370239,0,NA
"ALXO US Equity",NA,2019,NA,NA,0,NA
"ALXO US Equity",NA,2020,2091.51,NA,0,NA
"ALXO US Equity",NA,2021,NA,NA,0,NA
"ALXO US Equity",NA,2022,NA,NA,0,NA
"ALXO US Equity",NA,2023,NA,6.081606865,0,NA
"ALXO US Equity",NA,2024,NA,6.61346674,0,NA
"ALXO US Equity",NA,2025,NA,5.220732212,0,NA
"ANAB US Equity",NA,2019,2.31,5.414444447,0,NA
"ANAB US Equity",NA,2020,-10.39,5.289806366,0,NA
"ANAB US Equity",NA,2021,-5.85,5.693815708,0,NA
"ANAB US Equity",NA,2022,20.72,5.904644489,0,NA
"ANAB US Equity",NA,2023,9.35,6.047008514,0,NA
"ANAB US Equity",NA,2024,-5.18,5.702813148,0,NA
"ANAB US Equity",NA,2025,-1.33,5.262876511,0,NA
"ANNX US Equity",NA,2019,NA,NA,0,NA
"ANNX US Equity",NA,2020,NA,NA,0,NA
"ANNX US Equity",NA,2021,NA,NA,0,NA
"ANNX US Equity",NA,2022,NA,NA,0,NA
"ANNX US Equity",NA,2023,NA,5.437441826,0,NA
"ANNX US Equity",NA,2024,NA,6.434597015,0,NA
"ANNX US Equity",NA,2025,NA,6.180136204,0,NA
"APLS US Equity",2021,2019,NA,6.030846119,0,-2
"APLS US Equity",2021,2020,-10.59,6.426252365,0,-1
"APLS US Equity",2021,2021,38.26,5.755384922,1,0
"APLS US Equity",2021,2022,68.8,5.177760601,1,1
"APLS US Equity",2021,2023,4.93,5.184689522,1,2
"APLS US Equity",2021,2024,-8,5.737246037,1,3
"APLS US Equity",2021,2025,-6.86,5.652369022,1,4
"AQST US Equity",NA,2019,-3.91,NA,0,NA
"AQST US Equity",NA,2020,-3.81,NA,0,NA
"AQST US Equity",NA,2021,-2.83,NA,0,NA
"AQST US Equity",NA,2022,-2.36,NA,0,NA
"AQST US Equity",NA,2023,3.27,NA,0,NA
"AQST US Equity",NA,2024,1.68,NA,0,NA
"AQST US Equity",NA,2025,6.69,NA,0,NA
"ARMP US Equity",NA,2019,NA,NA,0,NA
"ARMP US Equity",NA,2020,161.3,NA,0,NA
"ARMP US Equity",NA,2021,31.48,NA,0,NA
"ARMP US Equity",NA,2022,13.67,NA,0,NA
"ARMP US Equity",NA,2023,50.06,NA,0,NA
"ARMP US Equity",NA,2024,34.19,NA,0,NA
"ARMP US Equity",NA,2025,117.76,NA,0,NA
"ARQT US Equity",NA,2019,NA,NA,0,NA
"ARQT US Equity",NA,2020,NA,NA,0,NA
"ARQT US Equity",NA,2021,NA,NA,0,NA
"ARQT US Equity",NA,2022,205.42,NA,0,NA
"ARQT US Equity",NA,2023,10.83,6.035980225,0,NA
"ARQT US Equity",NA,2024,0.16,6.444102287,0,NA
"ARQT US Equity",NA,2025,2.09,6.66858387,0,NA
"ARVN US Equity",2020,2019,17.58,NA,0,-1
"ARVN US Equity",2020,2020,134.36,6.0795784,1,0
"ARVN US Equity",2020,2021,30.51,5.949015141,1,1
"ARVN US Equity",2020,2022,0.25,6.024302006,1,2
"ARVN US Equity",2020,2023,22.63,5.816245556,1,3
"ARVN US Equity",2020,2024,-1.82,6.432199955,1,4
"ARVN US Equity",2020,2025,-3.08,5.831709385,1,5
"ATAI US Equity",2021,2019,NA,NA,0,-2
"ATAI US Equity",2021,2020,NA,NA,0,-1
"ATAI US Equity",2021,2021,14.17,NA,1,0
"ATAI US Equity",2021,2022,90.17,NA,1,1
"ATAI US Equity",2021,2023,562.39,NA,1,2
"ATAI US Equity",2021,2024,657.8,NA,1,3
"ATAI US Equity",2021,2025,241.14,NA,1,4
"AURA US Equity",NA,2019,NA,NA,0,NA
"AURA US Equity",NA,2020,NA,NA,0,NA
"AURA US Equity",NA,2021,NA,NA,0,NA
"AURA US Equity",NA,2022,NA,NA,0,NA
"AURA US Equity",NA,2023,NA,5.386040688,0,NA
"AURA US Equity",NA,2024,NA,5.429445267,0,NA
"AURA US Equity",NA,2025,NA,6.397377491,0,NA
"AVIR US Equity",NA,2019,NA,NA,0,NA
"AVIR US Equity",NA,2020,63.56,NA,0,NA
"AVIR US Equity",NA,2021,NA,NA,0,NA
"AVIR US Equity",NA,2022,NA,NA,0,NA
"AVIR US Equity",NA,2023,NA,4.848367214,0,NA
"AVIR US Equity",NA,2024,NA,5.28618288,0,NA
"AVIR US Equity",NA,2025,NA,5.428850651,0,NA
"AVTX US Equity",NA,2019,9.16,NA,0,NA
"AVTX US Equity",NA,2020,23.48,NA,0,NA
"AVTX US Equity",NA,2021,2.09,NA,0,NA
"AVTX US Equity",NA,2022,-4.89,NA,0,NA
"AVTX US Equity",NA,2023,NA,5.82005167,0,NA
"AVTX US Equity",NA,2024,NA,5.80942297,0,NA
"AVTX US Equity",NA,2025,3548.29,5.965081692,0,NA
"BCRX US Equity",2023,2019,1.09,5.436353683,0,-4
"BCRX US Equity",2023,2020,87.99,5.930677891,0,-3
"BCRX US Equity",2023,2021,9.01,6.575259209,0,-2
"BCRX US Equity",2023,2022,0.58,6.290832043,0,-1
"BCRX US Equity",2023,2023,-0.36,6.273434639,1,0
"BCRX US Equity",2023,2024,-1.64,6.103044033,1,1
"BCRX US Equity",2023,2025,-4.04,7.287532806,1,2
"BEAM US Equity",2021,2019,341081.62,NA,0,-2
"BEAM US Equity",2021,2020,238577.42,NA,0,-1
"BEAM US Equity",2021,2021,77.44,NA,1,0
"BEAM US Equity",2021,2022,26.57,NA,1,1
"BEAM US Equity",2021,2023,1.72,6.014043808,1,2
"BEAM US Equity",2021,2024,21.86,6.613719463,1,3
"BEAM US Equity",2021,2025,9.19,7.067762852,1,4
"CABA US Equity",NA,2019,NA,NA,0,NA
"CABA US Equity",NA,2020,NA,NA,0,NA
"CABA US Equity",NA,2021,NA,NA,0,NA
"CABA US Equity",NA,2022,NA,NA,0,NA
"CABA US Equity",NA,2023,NA,5.110458851,0,NA
"CABA US Equity",NA,2024,NA,5.396456718,0,NA
"CABA US Equity",NA,2025,NA,5.635751247,0,NA
"CADL US Equity",2023,2019,NA,NA,0,-4
"CADL US Equity",2023,2020,NA,NA,0,-3
"CADL US Equity",2023,2021,352.17,NA,0,-2
"CADL US Equity",2023,2022,NA,NA,0,-1
"CADL US Equity",2023,2023,NA,NA,1,0
"CADL US Equity",2023,2024,NA,NA,1,1
"CADL US Equity",2023,2025,NA,NA,1,2
"CCCC US Equity",NA,2019,NA,NA,0,NA
"CCCC US Equity",NA,2020,28.75,NA,0,NA
"CCCC US Equity",NA,2021,4.67,NA,0,NA
"CCCC US Equity",NA,2022,-5.08,NA,0,NA
"CCCC US Equity",NA,2023,13.6,5.390092373,0,NA
"CCCC US Equity",NA,2024,NA,6.625142574,0,NA
"CCCC US Equity",NA,2025,-5.59,6.056407452,0,NA
"CELC US Equity",NA,2019,NA,NA,0,NA
"CELC US Equity",NA,2020,NA,NA,0,NA
"CELC US Equity",NA,2021,NA,NA,0,NA
"CELC US Equity",NA,2022,NA,NA,0,NA
"CELC US Equity",NA,2023,NA,5.356739044,0,NA
"CELC US Equity",NA,2024,NA,5.743531704,0,NA
"CELC US Equity",NA,2025,NA,5.842043877,0,NA
"CFOR US Equity",2019,2019,0.39,NA,1,0
"CFOR US Equity",2019,2020,12.35,NA,1,1
"CFOR US Equity",2019,2021,-5.49,NA,1,2
"CFOR US Equity",2019,2022,-0.85,NA,1,3
"CFOR US Equity",2019,2023,-0.85,NA,1,4
"CFOR US Equity",2019,2024,-6.47,NA,1,5
"CFOR US Equity",2019,2025,NA,NA,1,6
"CLYM US Equity",NA,2019,NA,NA,0,NA
"CLYM US Equity",NA,2020,NA,NA,0,NA
"CLYM US Equity",NA,2021,NA,NA,0,NA
"CLYM US Equity",NA,2022,NA,NA,0,NA
"CLYM US Equity",NA,2023,NA,NA,0,NA
"CLYM US Equity",NA,2024,NA,NA,0,NA
"CLYM US Equity",NA,2025,NA,NA,0,NA
"CMPX US Equity",NA,2019,NA,NA,0,NA
"CMPX US Equity",NA,2020,NA,NA,0,NA
"CMPX US Equity",NA,2021,NA,NA,0,NA
"CMPX US Equity",NA,2022,NA,NA,0,NA
"CMPX US Equity",NA,2023,NA,NA,0,NA
"CMPX US Equity",NA,2024,327.16,NA,0,NA
"CMPX US Equity",NA,2025,NA,NA,0,NA
"CORT US Equity",NA,2019,-5.4,NA,0,NA
"CORT US Equity",NA,2020,0.19,NA,0,NA
"CORT US Equity",NA,2021,-0.11,NA,0,NA
"CORT US Equity",NA,2022,0.89,NA,0,NA
"CORT US Equity",NA,2023,-1.18,6.306478977,0,NA
"CORT US Equity",NA,2024,4.13,6.449785233,0,NA
"CORT US Equity",NA,2025,0.37,6.09789753,0,NA
"CPRX US Equity",2019,2019,-4.27,6.479101181,1,0
"CPRX US Equity",2019,2020,-5.28,5.955088615,1,1
"CPRX US Equity",2019,2021,-1.26,5.552438259,1,2
"CPRX US Equity",2019,2022,1.72,5.880781651,1,3
"CPRX US Equity",2019,2023,0.99,6.203029633,1,4
"CPRX US Equity",2019,2024,1.42,6.247175694,1,5
"CPRX US Equity",2019,2025,0.44,6.278820992,1,6
"CRMD US Equity",NA,2019,250.13,NA,0,NA
"CRMD US Equity",NA,2020,1330.87,NA,0,NA
"CRMD US Equity",NA,2021,891.48,NA,0,NA
"CRMD US Equity",NA,2022,2251.57,NA,0,NA
"CRMD US Equity",NA,2023,NA,7.028132915,0,NA
"CRMD US Equity",NA,2024,7.6,7.495262146,0,NA
"CRMD US Equity",NA,2025,-2.37,7.39823103,0,NA
"CRVS US Equity",NA,2019,NA,4.31576395,0,NA
"CRVS US Equity",NA,2020,NA,4.262928486,0,NA
"CRVS US Equity",NA,2021,NA,5.203621864,0,NA
"CRVS US Equity",NA,2022,NA,5.421578884,0,NA
"CRVS US Equity",NA,2023,NA,5.50944376,0,NA
"CRVS US Equity",NA,2024,NA,5.81278944,0,NA
"CRVS US Equity",NA,2025,NA,5.14368391,0,NA
"CTKB US Equity",2022,2019,NA,NA,0,-3
"CTKB US Equity",2022,2020,NA,NA,0,-2
"CTKB US Equity",2022,2021,0.21,NA,0,-1
"CTKB US Equity",2022,2022,-0.05,NA,1,0
"CTKB US Equity",2022,2023,-0.19,5.649860859,1,1
"CTKB US Equity",2022,2024,-4.84,6.3264575,1,2
"CTKB US Equity",2022,2025,-4.94,5.727251053,1,3
"CYDY US Equity",2019,2019,NA,NA,1,0
"CYDY US Equity",2019,2020,NA,NA,1,1
"CYDY US Equity",2019,2021,NA,NA,1,2
"CYDY US Equity",2019,2022,2369.29,5.309697151,1,3
"CYDY US Equity",2019,2023,NA,7.326442242,1,4
"CYDY US Equity",2019,2024,NA,6.652369022,1,5
"CYDY US Equity",2019,2025,NA,6.801682949,1,6
"DERM US Equity",NA,2019,NA,NA,0,NA
"DERM US Equity",NA,2020,NA,NA,0,NA
"DERM US Equity",NA,2021,-5.08,NA,0,NA
"DERM US Equity",NA,2022,-3.78,NA,0,NA
"DERM US Equity",NA,2023,-2.22,NA,0,NA
"DERM US Equity",NA,2024,-0.14,NA,0,NA
"DERM US Equity",NA,2025,0.18,NA,0,NA
"DFTX US Equity",2020,2019,NA,NA,0,-1
"DFTX US Equity",2020,2020,NA,NA,1,0
"DFTX US Equity",2020,2021,NA,NA,1,1
"DFTX US Equity",2020,2022,NA,NA,1,2
"DFTX US Equity",2020,2023,NA,NA,1,3
"DFTX US Equity",2020,2024,NA,NA,1,4
"DFTX US Equity",2020,2025,NA,NA,1,5
"DNLI US Equity",2021,2019,50.58,5.308724403,0,-2
"DNLI US Equity",2021,2020,3.6,5.92828989,0,-1
"DNLI US Equity",2021,2021,46.43,6.296596527,1,0
"DNLI US Equity",2021,2022,15.53,6.310141087,1,1
"DNLI US Equity",2021,2023,1.46,6.019412518,1,2
"DNLI US Equity",2021,2024,NA,6.011441231,1,3
"DNLI US Equity",2021,2025,NA,5.38748312,1,4
"DSGN US Equity",NA,2019,NA,NA,0,NA
"DSGN US Equity",NA,2020,NA,NA,0,NA
"DSGN US Equity",NA,2021,NA,NA,0,NA
"DSGN US Equity",NA,2022,NA,NA,0,NA
"DSGN US Equity",NA,2023,NA,5.436527252,0,NA
"DSGN US Equity",NA,2024,NA,6.000731468,0,NA
"DSGN US Equity",NA,2025,NA,5.757554054,0,NA
"DYN US Equity",NA,2019,NA,NA,0,NA
"DYN US Equity",NA,2020,NA,NA,0,NA
"DYN US Equity",NA,2021,NA,NA,0,NA
"DYN US Equity",NA,2022,NA,NA,0,NA
"DYN US Equity",NA,2023,NA,4.901129723,0,NA
"DYN US Equity",NA,2024,NA,5.15247488,0,NA
"DYN US Equity",NA,2025,NA,5.160554409,0,NA
"EBS US Equity",NA,2019,-2.37,NA,0,NA
"EBS US Equity",NA,2020,-3.36,NA,0,NA
"EBS US Equity",NA,2021,-4.25,NA,0,NA
"EBS US Equity",NA,2022,-2.65,NA,0,NA
"EBS US Equity",NA,2023,-2.09,5.164396763,0,NA
"EBS US Equity",NA,2024,-1.62,6.338558674,0,NA
"EBS US Equity",NA,2025,-2.22,6.259416103,0,NA
"ELVN US Equity",NA,2019,NA,NA,0,NA
"ELVN US Equity",NA,2020,NA,NA,0,NA
"ELVN US Equity",NA,2021,NA,NA,0,NA
"ELVN US Equity",NA,2022,NA,NA,0,NA
"ELVN US Equity",NA,2023,NA,NA,0,NA
"ELVN US Equity",NA,2024,NA,NA,0,NA
"ELVN US Equity",NA,2025,NA,NA,0,NA
"EOLS US Equity",NA,2019,-2.5,NA,0,NA
"EOLS US Equity",NA,2020,-5.54,NA,0,NA
"EOLS US Equity",NA,2021,-6.33,NA,0,NA
"EOLS US Equity",NA,2022,-2.77,NA,0,NA
"EOLS US Equity",NA,2023,-0.77,5.509072781,0,NA
"EOLS US Equity",NA,2024,-3.01,6.70906496,0,NA
"EOLS US Equity",NA,2025,-5.23,6.552620411,0,NA
"ESPR US Equity",2023,2019,-1.58,5.049137115,0,-4
"ESPR US Equity",2023,2020,-11.72,4.782804966,0,-3
"ESPR US Equity",2023,2021,-7.15,5.761898518,0,-2
"ESPR US Equity",2023,2022,0.38,5.742279053,0,-1
"ESPR US Equity",2023,2023,0.87,6.102456093,1,0
"ESPR US Equity",2023,2024,-5.26,5.145832539,1,1
"ESPR US Equity",2023,2025,-4.61,5.775625229,1,2
"ETON US Equity",NA,2019,90,NA,0,NA
"ETON US Equity",NA,2020,4588.3,NA,0,NA
"ETON US Equity",NA,2021,-1.61,NA,0,NA
"ETON US Equity",NA,2022,0.48,NA,0,NA
"ETON US Equity",NA,2023,0.13,NA,0,NA
"ETON US Equity",NA,2024,7.95,NA,0,NA
"ETON US Equity",NA,2025,3.64,NA,0,NA
"EWTX US Equity",NA,2019,NA,NA,0,NA
"EWTX US Equity",NA,2020,NA,NA,0,NA
"EWTX US Equity",NA,2021,NA,NA,0,NA
"EWTX US Equity",NA,2022,NA,NA,0,NA
"EWTX US Equity",NA,2023,NA,4.91728735,0,NA
"EWTX US Equity",NA,2024,NA,4.927793026,0,NA
"EWTX US Equity",NA,2025,NA,4.820096016,0,NA
"FBRX US Equity",NA,2019,NA,NA,0,NA
"FBRX US Equity",NA,2020,NA,NA,0,NA
"FBRX US Equity",NA,2021,NA,NA,0,NA
"FBRX US Equity",NA,2022,NA,NA,0,NA
"FBRX US Equity",NA,2023,NA,NA,0,NA
"FBRX US Equity",NA,2024,NA,NA,0,NA
"FBRX US Equity",NA,2025,NA,NA,0,NA
"FDMT US Equity",2021,2019,NA,NA,0,-2
"FDMT US Equity",2021,2020,NA,NA,0,-1
"FDMT US Equity",2021,2021,-0.6,NA,1,0
"FDMT US Equity",2021,2022,108.13,NA,1,1
"FDMT US Equity",2021,2023,52.39,NA,1,2
"FDMT US Equity",2021,2024,NA,NA,1,3
"FDMT US Equity",2021,2025,NA,NA,1,4
"FHTX US Equity",2021,2019,NA,NA,0,-2
"FHTX US Equity",2021,2020,761.45,NA,0,-1
"FHTX US Equity",2021,2021,225.55,NA,1,0
"FHTX US Equity",2021,2022,NA,NA,1,1
"FHTX US Equity",2021,2023,-0.01,5.309319019,1,2
"FHTX US Equity",2021,2024,-0.6,5.325956821,1,3
"FHTX US Equity",2021,2025,3.41,5.978666306,1,4
"FOLD US Equity",2021,2019,-11.41,6.504094124,0,-2
"FOLD US Equity",2021,2020,-11.26,6.409188747,0,-1
"FOLD US Equity",2021,2021,-9.18,5.993833065,1,0
"FOLD US Equity",2021,2022,0.41,5.909677505,1,1
"FOLD US Equity",2021,2023,-5.57,5.096907139,1,2
"FOLD US Equity",2021,2024,-6.28,5.844729424,1,3
"FOLD US Equity",2021,2025,-2.35,6.135560513,1,4
"FULC US Equity",2019,2019,NA,NA,1,0
"FULC US Equity",2019,2020,25.96,NA,1,1
"FULC US Equity",2019,2021,7.74,NA,1,2
"FULC US Equity",2019,2022,13.08,NA,1,3
"FULC US Equity",2019,2023,141.43,5.850914478,1,4
"FULC US Equity",2019,2024,NA,5.881297112,1,5
"FULC US Equity",2019,2025,NA,6.78261137,1,6
"GERN US Equity",NA,2019,81.2,NA,0,NA
"GERN US Equity",NA,2020,1456.03,NA,0,NA
"GERN US Equity",NA,2021,132.01,NA,0,NA
"GERN US Equity",NA,2022,2023.96,NA,0,NA
"GERN US Equity",NA,2023,3061.44,6.764812946,0,NA
"GERN US Equity",NA,2024,2.86,6.663949013,0,NA
"GERN US Equity",NA,2025,-2.65,6.777761459,0,NA
"GLSI US Equity",NA,2019,NA,NA,0,NA
"GLSI US Equity",NA,2020,NA,NA,0,NA
"GLSI US Equity",NA,2021,NA,NA,0,NA
"GLSI US Equity",NA,2022,NA,NA,0,NA
"GLSI US Equity",NA,2023,NA,NA,0,NA
"GLSI US Equity",NA,2024,NA,NA,0,NA
"GLSI US Equity",NA,2025,NA,NA,0,NA
"GLUE US Equity",2021,2019,NA,NA,0,-2
"GLUE US Equity",2021,2020,NA,NA,0,-1
"GLUE US Equity",2021,2021,NA,NA,1,0
"GLUE US Equity",2021,2022,NA,NA,1,1
"GLUE US Equity",2021,2023,NA,5.105400562,1,2
"GLUE US Equity",2021,2024,-5.22,5.594871044,1,3
"GLUE US Equity",2021,2025,1.1,5.841974735,1,4
"GYRE US Equity",NA,2019,NA,NA,0,NA
"GYRE US Equity",NA,2020,-2.43,NA,0,NA
"GYRE US Equity",NA,2021,NA,NA,0,NA
"GYRE US Equity",NA,2022,20.47,NA,0,NA
"GYRE US Equity",NA,2023,8.89,NA,0,NA
"GYRE US Equity",NA,2024,8.43,NA,0,NA
"GYRE US Equity",NA,2025,2.8,NA,0,NA
"HALO US Equity",2021,2019,-7.38,7.259056091,0,-2
"HALO US Equity",2021,2020,0.93,7.659259796,0,-1
"HALO US Equity",2021,2021,-6.32,7.49318409,1,0
"HALO US Equity",2021,2022,0.22,6.297192097,1,1
"HALO US Equity",2021,2023,-8.64,7.527451038,1,2
"HALO US Equity",2021,2024,-4.16,7.222610474,1,3
"HALO US Equity",2021,2025,-1.46,7.577169895,1,4
"IDYA US Equity",2019,2019,NA,NA,1,0
"IDYA US Equity",2019,2020,8.99,NA,1,1
"IDYA US Equity",2019,2021,-1.84,NA,1,2
"IDYA US Equity",2019,2022,3.37,NA,1,3
"IDYA US Equity",2019,2023,112.66,4.669615746,1,4
"IDYA US Equity",2019,2024,155.13,5.680962563,1,5
"IDYA US Equity",2019,2025,3.02,5.170183659,1,6
"IKT US Equity",NA,2019,NA,NA,0,NA
"IKT US Equity",NA,2020,58.73,NA,0,NA
"IKT US Equity",NA,2021,NA,NA,0,NA
"IKT US Equity",NA,2022,13.53,NA,0,NA
"IKT US Equity",NA,2023,79.51,NA,0,NA
"IKT US Equity",NA,2024,NA,NA,0,NA
"IKT US Equity",NA,2025,NA,NA,0,NA
"IMMX US Equity",NA,2019,NA,NA,0,NA
"IMMX US Equity",NA,2020,NA,NA,0,NA
"IMMX US Equity",NA,2021,NA,NA,0,NA
"IMMX US Equity",NA,2022,NA,NA,0,NA
"IMMX US Equity",NA,2023,NA,NA,0,NA
"IMMX US Equity",NA,2024,NA,NA,0,NA
"IMMX US Equity",NA,2025,NA,NA,0,NA
"IMNM US Equity",NA,2019,NA,NA,0,NA
"IMNM US Equity",NA,2020,NA,NA,0,NA
"IMNM US Equity",NA,2021,NA,NA,0,NA
"IMNM US Equity",NA,2022,NA,NA,0,NA
"IMNM US Equity",NA,2023,NA,NA,0,NA
"IMNM US Equity",NA,2024,52.31,NA,0,NA
"IMNM US Equity",NA,2025,250.96,NA,0,NA
"IMRX US Equity",2022,2019,NA,NA,0,-3
"IMRX US Equity",2022,2020,NA,NA,0,-2
"IMRX US Equity",2022,2021,12.69,NA,0,-1
"IMRX US Equity",2022,2022,111.25,NA,1,0
"IMRX US Equity",2022,2023,NA,6.17367363,1,1
"IMRX US Equity",2022,2024,NA,6.605163574,1,2
"IMRX US Equity",2022,2025,NA,6.27154541,1,3
"IMVT US Equity",NA,2019,NA,NA,0,NA
"IMVT US Equity",NA,2020,NA,NA,0,NA
"IMVT US Equity",NA,2021,NA,NA,0,NA
"IMVT US Equity",NA,2022,NA,4.047139645,0,NA
"IMVT US Equity",NA,2023,NA,4.505682945,0,NA
"IMVT US Equity",NA,2024,NA,4.905154228,0,NA
"IMVT US Equity",NA,2025,NA,5.869829655,0,NA
"INBX US Equity",NA,2019,NA,NA,0,NA
"INBX US Equity",NA,2020,NA,NA,0,NA
"INBX US Equity",NA,2021,NA,NA,0,NA
"INBX US Equity",NA,2022,NA,NA,0,NA
"INBX US Equity",NA,2023,NA,NA,0,NA
"INBX US Equity",NA,2024,279.63,NA,0,NA
"INBX US Equity",NA,2025,709.12,NA,0,NA
"IPSC US Equity",NA,2019,NA,NA,0,NA
"IPSC US Equity",NA,2020,NA,NA,0,NA
"IPSC US Equity",NA,2021,NA,NA,0,NA
"IPSC US Equity",NA,2022,NA,NA,0,NA
"IPSC US Equity",NA,2023,69.73,NA,0,NA
"IPSC US Equity",NA,2024,NA,NA,0,NA
"IPSC US Equity",NA,2025,-2.52,NA,0,NA
"IRWD US Equity",2020,2019,-0.61,6.641056538,0,-1
"IRWD US Equity",2020,2020,-3.28,6.65734005,1,0
"IRWD US Equity",2020,2021,-2.12,6.567494869,1,1
"IRWD US Equity",2020,2022,-0.3,6.5499897,1,2
"IRWD US Equity",2020,2023,3.71,7.185311317,1,3
"IRWD US Equity",2020,2024,-0.33,7.181560993,1,4
"IRWD US Equity",2020,2025,-1.05,7.194687843,1,5
"IVVD US Equity",NA,2019,NA,NA,0,NA
"IVVD US Equity",NA,2020,NA,NA,0,NA
"IVVD US Equity",NA,2021,NA,NA,0,NA
"IVVD US Equity",NA,2022,NA,NA,0,NA
"IVVD US Equity",NA,2023,NA,NA,0,NA
"IVVD US Equity",NA,2024,-5.79,NA,0,NA
"IVVD US Equity",NA,2025,-1.53,NA,0,NA
"JANX US Equity",NA,2019,NA,NA,0,NA
"JANX US Equity",NA,2020,NA,NA,0,NA
"JANX US Equity",NA,2021,79.26,NA,0,NA
"JANX US Equity",NA,2022,26.87,NA,0,NA
"JANX US Equity",NA,2023,209.58,5.364679813,0,NA
"JANX US Equity",NA,2024,75.58,4.993055344,0,NA
"JANX US Equity",NA,2025,NA,6.623470306,0,NA
"JBIO US Equity",NA,2019,NA,NA,0,NA
"JBIO US Equity",NA,2020,NA,NA,0,NA
"JBIO US Equity",NA,2021,NA,NA,0,NA
"JBIO US Equity",NA,2022,NA,NA,0,NA
"JBIO US Equity",NA,2023,NA,5.218697548,0,NA
"JBIO US Equity",NA,2024,NA,5.611710072,0,NA
"JBIO US Equity",NA,2025,NA,5.612758636,0,NA
"KNSA US Equity",NA,2019,NA,NA,0,NA
"KNSA US Equity",NA,2020,NA,NA,0,NA
"KNSA US Equity",NA,2021,3.47,NA,0,NA
"KNSA US Equity",NA,2022,-3.47,NA,0,NA
"KNSA US Equity",NA,2023,-0.73,5.778967381,0,NA
"KNSA US Equity",NA,2024,-3.79,6.779150009,0,NA
"KNSA US Equity",NA,2025,-2.27,6.425763607,0,NA
"KROS US Equity",NA,2019,NA,NA,0,NA
"KROS US Equity",NA,2020,NA,NA,0,NA
"KROS US Equity",NA,2021,42.39,NA,0,NA
"KROS US Equity",NA,2022,NA,NA,0,NA
"KROS US Equity",NA,2023,14118.08,5.176873684,0,NA
"KROS US Equity",NA,2024,NA,5.101464748,0,NA
"KROS US Equity",NA,2025,-6.53,5.168884754,0,NA
"KRYS US Equity",NA,2019,NA,NA,0,NA
"KRYS US Equity",NA,2020,NA,NA,0,NA
"KRYS US Equity",NA,2021,NA,NA,0,NA
"KRYS US Equity",NA,2022,NA,NA,0,NA
"KRYS US Equity",NA,2023,61.73,5.964541435,0,NA
"KRYS US Equity",NA,2024,3.36,5.716024876,0,NA
"KRYS US Equity",NA,2025,9.83,6.202813625,0,NA
"KYMR US Equity",2021,2019,NA,NA,0,-2
"KYMR US Equity",2021,2020,42.07,NA,0,-1
"KYMR US Equity",2021,2021,3.57,NA,1,0
"KYMR US Equity",2021,2022,15.8,NA,1,1
"KYMR US Equity",2021,2023,11.46,5.908942223,1,2
"KYMR US Equity",2021,2024,13.44,6.298169613,1,3
"KYMR US Equity",2021,2025,148.97,6.09162426,1,4
"LCTX US Equity",NA,2019,15.24,NA,0,NA
"LCTX US Equity",NA,2020,178.06,NA,0,NA
"LCTX US Equity",NA,2021,35.94,NA,0,NA
"LCTX US Equity",NA,2022,9.15,NA,0,NA
"LCTX US Equity",NA,2023,17.04,7.508260727,0,NA
"LCTX US Equity",NA,2024,5.32,7.483205795,0,NA
"LCTX US Equity",NA,2025,24.22,8.430820465,0,NA
"LEGN US Equity",NA,2019,85.09,NA,0,NA
"LEGN US Equity",NA,2020,24.56,NA,0,NA
"LEGN US Equity",NA,2021,64.93,NA,0,NA
"LEGN US Equity",NA,2022,56.03,NA,0,NA
"LEGN US Equity",NA,2023,32.79,4.249773502,0,NA
"LEGN US Equity",NA,2024,2.95,4.059787273,0,NA
"LEGN US Equity",NA,2025,-3.85,4.12801218,0,NA
"LGND US Equity",2019,2019,0.08,6.713731766,1,0
"LGND US Equity",2019,2020,0.93,6.494457245,1,1
"LGND US Equity",2019,2021,-2.9,6.525602818,1,2
"LGND US Equity",2019,2022,-0.97,6.440093994,1,3
"LGND US Equity",2019,2023,5.27,6.764847279,1,4
"LGND US Equity",2019,2024,4.98,5.725962639,1,5
"LGND US Equity",2019,2025,6.81,6.184615135,1,6
"LQDA US Equity",NA,2019,-1.02,NA,0,NA
"LQDA US Equity",NA,2020,73.76,NA,0,NA
"LQDA US Equity",NA,2021,13.62,NA,0,NA
"LQDA US Equity",NA,2022,17.96,NA,0,NA
"LQDA US Equity",NA,2023,54.12,5.785689354,0,NA
"LQDA US Equity",NA,2024,72.22,5.876746178,0,NA
"LQDA US Equity",NA,2025,11.51,6.409589767,0,NA
"LRMR US Equity",NA,2019,NA,NA,0,NA
"LRMR US Equity",NA,2020,NA,NA,0,NA
"LRMR US Equity",NA,2021,NA,NA,0,NA
"LRMR US Equity",NA,2022,NA,NA,0,NA
"LRMR US Equity",NA,2023,NA,6.127307415,0,NA
"LRMR US Equity",NA,2024,NA,6.382775784,0,NA
"LRMR US Equity",NA,2025,NA,6.817150593,0,NA
"LYEL US Equity",NA,2019,NA,NA,0,NA
"LYEL US Equity",NA,2020,NA,NA,0,NA
"LYEL US Equity",NA,2021,58.93,NA,0,NA
"LYEL US Equity",NA,2022,NA,NA,0,NA
"LYEL US Equity",NA,2023,1705.26,5.626214981,0,NA
"LYEL US Equity",NA,2024,NA,6.236132622,0,NA
"LYEL US Equity",NA,2025,10585.61,6.727110863,0,NA
"MDGL US Equity",2021,2019,NA,5.650378704,0,-2
"MDGL US Equity",2021,2020,NA,5.563688755,0,-1
"MDGL US Equity",2021,2021,NA,5.248343945,1,0
"MDGL US Equity",2021,2022,NA,5.46152544,1,1
"MDGL US Equity",2021,2023,NA,5.64397192,1,2
"MDGL US Equity",2021,2024,NA,5.427090645,1,3
"MDGL US Equity",2021,2025,NA,5.882909775,1,4
"MGTX US Equity",2022,2019,13.77,NA,0,-3
"MGTX US Equity",2022,2020,22.01,NA,0,-2
"MGTX US Equity",2022,2021,3.41,NA,0,-1
"MGTX US Equity",2022,2022,11.1,NA,1,0
"MGTX US Equity",2022,2023,18.57,5.219797611,1,1
"MGTX US Equity",2022,2024,12.38,5.599964142,1,2
"MGTX US Equity",2022,2025,1.19,5.365767956,1,3
"MNKD US Equity",2021,2019,-4.26,NA,0,-2
"MNKD US Equity",2021,2020,7.51,NA,0,-1
"MNKD US Equity",2021,2021,0.1,NA,1,0
"MNKD US Equity",2021,2022,8.36,NA,1,1
"MNKD US Equity",2021,2023,-0.4,7.731245518,1,2
"MNKD US Equity",2021,2024,-1.83,7.873242378,1,3
"MNKD US Equity",2021,2025,-3.12,7.354651928,1,4
"MNPR US Equity",NA,2019,NA,NA,0,NA
"MNPR US Equity",NA,2020,NA,NA,0,NA
"MNPR US Equity",NA,2021,NA,NA,0,NA
"MNPR US Equity",NA,2022,NA,NA,0,NA
"MNPR US Equity",NA,2023,NA,NA,0,NA
"MNPR US Equity",NA,2024,NA,NA,0,NA
"MNPR US Equity",NA,2025,NA,NA,0,NA
"NIKA US Equity",NA,2019,NA,NA,0,NA
"NIKA US Equity",NA,2020,NA,NA,0,NA
"NIKA US Equity",NA,2021,NA,NA,0,NA
"NIKA US Equity",NA,2022,NA,NA,0,NA
"NIKA US Equity",NA,2023,NA,NA,0,NA
"NIKA US Equity",NA,2024,NA,NA,0,NA
"NIKA US Equity",NA,2025,NA,NA,0,NA
"NKTR US Equity",2021,2019,13.54,5.647782326,0,-2
"NKTR US Equity",2021,2020,5.74,6.32535553,0,-1
"NKTR US Equity",2021,2021,2.1,6.638192177,1,0
"NKTR US Equity",2021,2022,NA,6.210198402,1,1
"NKTR US Equity",2021,2023,NA,5.731214046,1,2
"NKTR US Equity",2021,2024,NA,5.65742588,1,3
"NKTR US Equity",2021,2025,25.33,5.692459583,1,4
"NRIX US Equity",2021,2019,NA,NA,0,-2
"NRIX US Equity",2021,2020,56.78,NA,0,-1
"NRIX US Equity",2021,2021,5.77,NA,1,0
"NRIX US Equity",2021,2022,-0.49,6.934727669,1,1
"NRIX US Equity",2021,2023,-2.41,6.934727669,1,2
"NRIX US Equity",2021,2024,9.95,6.082056999,1,3
"NRIX US Equity",2021,2025,8.95,6.188210487,1,4
"NTLA US Equity",NA,2019,-2.5,5.080602169,0,NA
"NTLA US Equity",NA,2020,46.36,5.309051037,0,NA
"NTLA US Equity",NA,2021,156.32,5.541450977,0,NA
"NTLA US Equity",NA,2022,37.56,5.443552494,0,NA
"NTLA US Equity",NA,2023,41.96,5.612381458,0,NA
"NTLA US Equity",NA,2024,1.25,5.830195904,0,NA
"NTLA US Equity",NA,2025,10.83,5.755180836,0,NA
"NUVB US Equity",NA,2019,NA,NA,0,NA
"NUVB US Equity",NA,2020,NA,NA,0,NA
"NUVB US Equity",NA,2021,NA,NA,0,NA
"NUVB US Equity",NA,2022,NA,NA,0,NA
"NUVB US Equity",NA,2023,NA,4.980670929,0,NA
"NUVB US Equity",NA,2024,11.72,5.094885349,0,NA
"NUVB US Equity",NA,2025,18.23,5.818833351,0,NA
"NUVL US Equity",NA,2019,NA,NA,0,NA
"NUVL US Equity",NA,2020,NA,NA,0,NA
"NUVL US Equity",NA,2021,NA,NA,0,NA
"NUVL US Equity",NA,2022,NA,NA,0,NA
"NUVL US Equity",NA,2023,NA,5.441255569,0,NA
"NUVL US Equity",NA,2024,NA,6.271656513,0,NA
"NUVL US Equity",NA,2025,NA,6.669942379,0,NA
"NVAX US Equity",2023,2019,32.65,4.63809824,0,-4
"NVAX US Equity",2023,2020,22.21,5.103543758,0,-3
"NVAX US Equity",2023,2021,-5.98,5.226130962,0,-2
"NVAX US Equity",2023,2022,-6.5,4.732682705,0,-1
"NVAX US Equity",2023,2023,-4.99,4.716637135,1,0
"NVAX US Equity",2023,2024,-6.2,4.698176384,1,1
"NVAX US Equity",2023,2025,-5.35,5.623583317,1,2
"NWBO US Equity",NA,2019,41.16,NA,0,NA
"NWBO US Equity",NA,2020,942.56,NA,0,NA
"NWBO US Equity",NA,2021,868.86,NA,0,NA
"NWBO US Equity",NA,2022,422.47,NA,0,NA
"NWBO US Equity",NA,2023,364.63,4.169968128,0,NA
"NWBO US Equity",NA,2024,241.79,4.598803043,0,NA
"NWBO US Equity",NA,2025,440.95,4.813111782,0,NA
"OGN US Equity",NA,2019,NA,NA,0,NA
"OGN US Equity",NA,2020,NA,NA,0,NA
"OGN US Equity",NA,2021,-2.92,NA,0,NA
"OGN US Equity",NA,2022,-1.58,NA,0,NA
"OGN US Equity",NA,2023,-0.95,6.948411465,0,NA
"OGN US Equity",NA,2024,-0.62,6.908603191,0,NA
"OGN US Equity",NA,2025,-1.85,6.755903721,0,NA
"OLMA US Equity",NA,2019,NA,NA,0,NA
"OLMA US Equity",NA,2020,NA,NA,0,NA
"OLMA US Equity",NA,2021,NA,NA,0,NA
"OLMA US Equity",NA,2022,NA,NA,0,NA
"OLMA US Equity",NA,2023,NA,5.910432816,0,NA
"OLMA US Equity",NA,2024,NA,5.696735859,0,NA
"OLMA US Equity",NA,2025,NA,5.697064877,0,NA
"ORGO US Equity",NA,2019,-8.53,NA,0,NA
"ORGO US Equity",NA,2020,-8.17,NA,0,NA
"ORGO US Equity",NA,2021,-8.62,NA,0,NA
"ORGO US Equity",NA,2022,-5.83,NA,0,NA
"ORGO US Equity",NA,2023,-4.25,6.267633438,0,NA
"ORGO US Equity",NA,2024,-5.73,6.509963512,0,NA
"ORGO US Equity",NA,2025,-5.47,7.144978523,0,NA
"ORIC US Equity",NA,2019,NA,NA,0,NA
"ORIC US Equity",NA,2020,NA,NA,0,NA
"ORIC US Equity",NA,2021,NA,NA,0,NA
"ORIC US Equity",NA,2022,NA,NA,0,NA
"ORIC US Equity",NA,2023,NA,5.890170574,0,NA
"ORIC US Equity",NA,2024,NA,5.501157761,0,NA
"ORIC US Equity",NA,2025,NA,5.779381752,0,NA
"PALI US Equity",NA,2019,55.4,NA,0,NA
"PALI US Equity",NA,2020,1793.85,NA,0,NA
"PALI US Equity",NA,2021,NA,NA,0,NA
"PALI US Equity",NA,2022,NA,NA,0,NA
"PALI US Equity",NA,2023,NA,6.141383171,0,NA
"PALI US Equity",NA,2024,NA,5.783420086,0,NA
"PALI US Equity",NA,2025,NA,6.366942406,0,NA
"PCRX US Equity",2023,2019,-0.89,5.617631435,0,-4
"PCRX US Equity",2023,2020,0.04,5.8974576,0,-3
"PCRX US Equity",2023,2021,0.4,5.668208122,0,-2
"PCRX US Equity",2023,2022,-0.33,5.742712021,0,-1
"PCRX US Equity",2023,2023,-0.48,5.832736969,1,0
"PCRX US Equity",2023,2024,-0.63,5.860532761,1,1
"PCRX US Equity",2023,2025,-2.01,5.892528534,1,2
"PCVX US Equity",NA,2019,NA,NA,0,NA
"PCVX US Equity",NA,2020,NA,NA,0,NA
"PCVX US Equity",NA,2021,NA,NA,0,NA
"PCVX US Equity",NA,2022,NA,NA,0,NA
"PCVX US Equity",NA,2023,NA,7.033324718,0,NA
"PCVX US Equity",NA,2024,NA,6.533244133,0,NA
"PCVX US Equity",NA,2025,NA,6.04096365,0,NA
"PHAT US Equity",NA,2019,NA,NA,0,NA
"PHAT US Equity",NA,2020,NA,NA,0,NA
"PHAT US Equity",NA,2021,NA,NA,0,NA
"PHAT US Equity",NA,2022,NA,NA,0,NA
"PHAT US Equity",NA,2023,429.14,5.205740929,0,NA
"PHAT US Equity",NA,2024,-0.53,5.114692211,0,NA
"PHAT US Equity",NA,2025,0.19,5.440915108,0,NA
"PRAX US Equity",2020,2019,NA,NA,0,-1
"PRAX US Equity",2020,2020,NA,NA,1,0
"PRAX US Equity",2020,2021,NA,NA,1,1
"PRAX US Equity",2020,2022,NA,NA,1,2
"PRAX US Equity",2020,2023,242.66,5.225750446,1,3
"PRAX US Equity",2020,2024,17.3,5.132127285,1,4
"PRAX US Equity",2020,2025,NA,6.09621048,1,5
"RAPT US Equity",2020,2019,NA,8.325775146,0,-1
"RAPT US Equity",2020,2020,74.38,8.222216606,1,0
"RAPT US Equity",2020,2021,125.29,7.868085384,1,1
"RAPT US Equity",2020,2022,278.58,8.070850372,1,2
"RAPT US Equity",2020,2023,NA,8.294038773,1,3
"RAPT US Equity",2020,2024,NA,7.858448505,1,4
"RAPT US Equity",2020,2025,NA,8.579825401,1,5
"RARE US Equity",NA,2019,17.26,6.220518112,0,NA
"RARE US Equity",NA,2020,18.24,5.729287624,0,NA
"RARE US Equity",NA,2021,1.88,6.310121059,0,NA
"RARE US Equity",NA,2022,0.9,6.025131702,0,NA
"RARE US Equity",NA,2023,2.58,6.580943584,0,NA
"RARE US Equity",NA,2024,-0.31,6.104715824,0,NA
"RARE US Equity",NA,2025,-4.55,5.482045174,0,NA
"RCUS US Equity",2023,2019,36.42,4.241576195,0,-4
"RCUS US Equity",2023,2020,5.8,5.062470913,0,-3
"RCUS US Equity",2023,2021,-6.07,4.981384754,0,-2
"RCUS US Equity",2023,2022,-4.83,4.919343472,0,-1
"RCUS US Equity",2023,2023,0.01,5.111207962,1,0
"RCUS US Equity",2023,2024,-6.06,5.286532402,1,1
"RCUS US Equity",2023,2025,0.06,5.425480843,1,2
"REPL US Equity",2022,2019,NA,NA,0,-3
"REPL US Equity",2022,2020,NA,NA,0,-2
"REPL US Equity",2022,2021,NA,NA,0,-1
"REPL US Equity",2022,2022,NA,4.927052975,1,0
"REPL US Equity",2022,2023,NA,4.92799902,1,1
"REPL US Equity",2022,2024,NA,5.129111767,1,2
"REPL US Equity",2022,2025,NA,6.119638443,1,3
"RGNX US Equity",NA,2019,28.75,NA,0,NA
"RGNX US Equity",NA,2020,-5.84,NA,0,NA
"RGNX US Equity",NA,2021,-9.86,NA,0,NA
"RGNX US Equity",NA,2022,-2.14,NA,0,NA
"RGNX US Equity",NA,2023,2.04,6.54672718,0,NA
"RGNX US Equity",NA,2024,-4.66,6.806612015,0,NA
"RGNX US Equity",NA,2025,-4.88,5.820749283,0,NA
"RLAY US Equity",2021,2019,NA,NA,0,-2
"RLAY US Equity",2021,2020,16.37,NA,0,-1
"RLAY US Equity",2021,2021,456.34,NA,1,0
"RLAY US Equity",2021,2022,843.97,NA,1,1
"RLAY US Equity",2021,2023,21.68,5.533455372,1,2
"RLAY US Equity",2021,2024,NA,6.176163197,1,3
"RLAY US Equity",2021,2025,66.08,5.718009472,1,4
"RXRX US Equity",2021,2019,NA,NA,0,-2
"RXRX US Equity",2021,2020,NA,NA,0,-1
"RXRX US Equity",2021,2021,55.66,NA,1,0
"RXRX US Equity",2021,2022,18,NA,1,1
"RXRX US Equity",2021,2023,62.19,5.284051418,1,2
"RXRX US Equity",2021,2024,35.01,6.127618313,1,3
"RXRX US Equity",2021,2025,11.19,5.862848282,1,4
"RYTM US Equity",2021,2019,NA,NA,0,-2
"RYTM US Equity",2021,2020,NA,NA,0,-1
"RYTM US Equity",2021,2021,37.72,NA,1,0
"RYTM US Equity",2021,2022,44.42,NA,1,1
"RYTM US Equity",2021,2023,24.72,4.855832577,1,2
"RYTM US Equity",2021,2024,19.01,5.631021976,1,3
"RYTM US Equity",2021,2025,30.02,4.77214098,1,4
"RZLT US Equity",NA,2019,NA,NA,0,NA
"RZLT US Equity",NA,2020,NA,NA,0,NA
"RZLT US Equity",NA,2021,NA,NA,0,NA
"RZLT US Equity",NA,2022,NA,NA,0,NA
"RZLT US Equity",NA,2023,NA,NA,0,NA
"RZLT US Equity",NA,2024,NA,NA,0,NA
"RZLT US Equity",NA,2025,NA,NA,0,NA
"SANA US Equity",NA,2019,NA,NA,0,NA
"SANA US Equity",NA,2020,NA,NA,0,NA
"SANA US Equity",NA,2021,NA,NA,0,NA
"SANA US Equity",NA,2022,NA,NA,0,NA
"SANA US Equity",NA,2023,NA,5.314558029,0,NA
"SANA US Equity",NA,2024,NA,5.202874184,0,NA
"SANA US Equity",NA,2025,NA,6.186105728,0,NA
"SIGA US Equity",NA,2019,9.07,NA,0,NA
"SIGA US Equity",NA,2020,-4.45,NA,0,NA
"SIGA US Equity",NA,2021,-3.05,NA,0,NA
"SIGA US Equity",NA,2022,-0.53,NA,0,NA
"SIGA US Equity",NA,2023,-1.35,6.671583176,0,NA
"SIGA US Equity",NA,2024,-0.75,6.708931923,0,NA
"SIGA US Equity",NA,2025,-0.86,6.890849113,0,NA
"SLNO US Equity",2021,2019,NA,NA,0,-2
"SLNO US Equity",2021,2020,NA,NA,0,-1
"SLNO US Equity",2021,2021,NA,NA,1,0
"SLNO US Equity",2021,2022,NA,NA,1,1
"SLNO US Equity",2021,2023,NA,NA,1,2
"SLNO US Equity",2021,2024,NA,NA,1,3
"SLNO US Equity",2021,2025,2.31,5.425220013,1,4
"SLS US Equity",2023,2019,NA,NA,0,-4
"SLS US Equity",2023,2020,52.93,NA,0,-3
"SLS US Equity",2023,2021,5.59,NA,0,-2
"SLS US Equity",2023,2022,18.9,NA,0,-1
"SLS US Equity",2023,2023,NA,5.736136913,1,0
"SLS US Equity",2023,2024,NA,5.80147171,1,1
"SLS US Equity",2023,2025,NA,5.825899124,1,2
"SNSE US Equity",NA,2019,NA,NA,0,NA
"SNSE US Equity",NA,2020,NA,NA,0,NA
"SNSE US Equity",NA,2021,NA,NA,0,NA
"SNSE US Equity",NA,2022,NA,NA,0,NA
"SNSE US Equity",NA,2023,NA,5.236582756,0,NA
"SNSE US Equity",NA,2024,NA,5.50480175,0,NA
"SNSE US Equity",NA,2025,NA,5.531550884,0,NA
"SRPT US Equity",NA,2019,11.29,6.681315899,0,NA
"SRPT US Equity",NA,2020,-3.49,7.28569746,0,NA
"SRPT US Equity",NA,2021,-2.61,7.045984268,0,NA
"SRPT US Equity",NA,2022,4.56,6.704828739,0,NA
"SRPT US Equity",NA,2023,4.82,6.813937187,0,NA
"SRPT US Equity",NA,2024,-1.24,5.618819237,0,NA
"SRPT US Equity",NA,2025,-5.59,5.919681549,0,NA
"SRRK US Equity",NA,2019,-8.08,NA,0,NA
"SRRK US Equity",NA,2020,86.12,NA,0,NA
"SRRK US Equity",NA,2021,3.55,NA,0,NA
"SRRK US Equity",NA,2022,-3.57,NA,0,NA
"SRRK US Equity",NA,2023,NA,4.982456684,0,NA
"SRRK US Equity",NA,2024,NA,4.930450916,0,NA
"SRRK US Equity",NA,2025,NA,4.80725956,0,NA
"STOK US Equity",2019,2019,NA,NA,1,0
"STOK US Equity",2019,2020,NA,NA,1,1
"STOK US Equity",2019,2021,NA,5.214640141,1,2
"STOK US Equity",2019,2022,8.07,5.979612827,1,3
"STOK US Equity",2019,2023,6.57,5.446408749,1,4
"STOK US Equity",2019,2024,-0.16,5.452935219,1,5
"STOK US Equity",2019,2025,2.24,5.973667622,1,6
"STRO US Equity",2023,2019,-9.48,NA,0,-4
"STRO US Equity",2023,2020,3.04,5.195636272,0,-3
"STRO US Equity",2023,2021,-7.35,5.76911068,0,-2
"STRO US Equity",2023,2022,NA,5.335817814,0,-1
"STRO US Equity",2023,2023,NA,5.788096905,1,0
"STRO US Equity",2023,2024,NA,5.688108444,1,1
"STRO US Equity",2023,2025,-4.32,6.077788353,1,2
"STTK US Equity",NA,2019,NA,NA,0,NA
"STTK US Equity",NA,2020,112.13,NA,0,NA
"STTK US Equity",NA,2021,NA,NA,0,NA
"STTK US Equity",NA,2022,41.68,NA,0,NA
"STTK US Equity",NA,2023,168.5,6.086699486,0,NA
"STTK US Equity",NA,2024,NA,6.238890171,0,NA
"STTK US Equity",NA,2025,NA,5.963536739,0,NA
"SUPN US Equity",NA,2019,-4.35,NA,0,NA
"SUPN US Equity",NA,2020,-5.23,NA,0,NA
"SUPN US Equity",NA,2021,-2.74,NA,0,NA
"SUPN US Equity",NA,2022,-1.1,NA,0,NA
"SUPN US Equity",NA,2023,-0.6,6.148192406,0,NA
"SUPN US Equity",NA,2024,-0.39,5.783350945,0,NA
"SUPN US Equity",NA,2025,0.36,6.118431091,0,NA
"SVRA US Equity",2023,2019,NA,NA,0,-4
"SVRA US Equity",2023,2020,142,NA,0,-3
"SVRA US Equity",2023,2021,NA,NA,0,-2
"SVRA US Equity",2023,2022,NA,NA,0,-1
"SVRA US Equity",2023,2023,NA,7.122872829,1,0
"SVRA US Equity",2023,2024,NA,7.230397224,1,1
"SVRA US Equity",2023,2025,NA,7.614906788,1,2
"TARA US Equity",NA,2019,NA,NA,0,NA
"TARA US Equity",NA,2020,NA,NA,0,NA
"TARA US Equity",NA,2021,NA,NA,0,NA
"TARA US Equity",NA,2022,NA,NA,0,NA
"TARA US Equity",NA,2023,NA,NA,0,NA
"TARA US Equity",NA,2024,NA,NA,0,NA
"TARA US Equity",NA,2025,NA,NA,0,NA
"TARS US Equity",NA,2019,NA,NA,0,NA
"TARS US Equity",NA,2020,NA,NA,0,NA
"TARS US Equity",NA,2021,-7.3,NA,0,NA
"TARS US Equity",NA,2022,0.47,NA,0,NA
"TARS US Equity",NA,2023,60.27,6.315624237,0,NA
"TARS US Equity",NA,2024,0.86,5.922030926,0,NA
"TARS US Equity",NA,2025,-0.74,6.522680759,0,NA
"TERN US Equity",NA,2019,NA,NA,0,NA
"TERN US Equity",NA,2020,NA,NA,0,NA
"TERN US Equity",NA,2021,NA,NA,0,NA
"TERN US Equity",NA,2022,NA,NA,0,NA
"TERN US Equity",NA,2023,NA,NA,0,NA
"TERN US Equity",NA,2024,NA,NA,0,NA
"TERN US Equity",NA,2025,NA,NA,0,NA
"TNGX US Equity",NA,2019,NA,NA,0,NA
"TNGX US Equity",NA,2020,NA,NA,0,NA
"TNGX US Equity",NA,2021,-7.06,NA,0,NA
"TNGX US Equity",NA,2022,-6.2,NA,0,NA
"TNGX US Equity",NA,2023,11.03,NA,0,NA
"TNGX US Equity",NA,2024,-6.26,NA,0,NA
"TNGX US Equity",NA,2025,26.99,NA,0,NA
"TRDA US Equity",NA,2019,NA,NA,0,NA
"TRDA US Equity",NA,2020,NA,NA,0,NA
"TRDA US Equity",NA,2021,NA,NA,0,NA
"TRDA US Equity",NA,2022,NA,NA,0,NA
"TRDA US Equity",NA,2023,-4.22,5.015407562,0,NA
"TRDA US Equity",NA,2024,-6.18,5.573286533,0,NA
"TRDA US Equity",NA,2025,3.1,6.157291412,0,NA
"TRVI US Equity",NA,2019,NA,NA,0,NA
"TRVI US Equity",NA,2020,NA,NA,0,NA
"TRVI US Equity",NA,2021,NA,NA,0,NA
"TRVI US Equity",NA,2022,NA,NA,0,NA
"TRVI US Equity",NA,2023,NA,NA,0,NA
"TRVI US Equity",NA,2024,NA,NA,0,NA
"TRVI US Equity",NA,2025,NA,NA,0,NA
"TSHA US Equity",2021,2019,NA,NA,0,-2
"TSHA US Equity",2021,2020,NA,NA,0,-1
"TSHA US Equity",2021,2021,NA,NA,1,0
"TSHA US Equity",2021,2022,NA,NA,1,1
"TSHA US Equity",2021,2023,16.44,5.600405216,1,2
"TSHA US Equity",2021,2024,24.19,4.341273785,1,3
"TSHA US Equity",2021,2025,101.96,4.719921589,1,4
"TYRA US Equity",NA,2019,NA,NA,0,NA
"TYRA US Equity",NA,2020,NA,NA,0,NA
"TYRA US Equity",NA,2021,NA,NA,0,NA
"TYRA US Equity",NA,2022,NA,NA,0,NA
"TYRA US Equity",NA,2023,NA,6.133273602,0,NA
"TYRA US Equity",NA,2024,NA,6.390905857,0,NA
"TYRA US Equity",NA,2025,NA,6.091025352,0,NA
"URGN US Equity",NA,2019,22273.82,NA,0,NA
"URGN US Equity",NA,2020,10.87,NA,0,NA
"URGN US Equity",NA,2021,-8.26,NA,0,NA
"URGN US Equity",NA,2022,-3.48,NA,0,NA
"URGN US Equity",NA,2023,0.08,6.47709465,0,NA
"URGN US Equity",NA,2024,-3.27,6.988526344,0,NA
"URGN US Equity",NA,2025,1.97,6.830990791,0,NA
"VERA US Equity",NA,2019,NA,NA,0,NA
"VERA US Equity",NA,2020,NA,NA,0,NA
"VERA US Equity",NA,2021,NA,NA,0,NA
"VERA US Equity",NA,2022,NA,NA,0,NA
"VERA US Equity",NA,2023,NA,6.587361813,0,NA
"VERA US Equity",NA,2024,NA,6.177346706,0,NA
"VERA US Equity",NA,2025,NA,6.587744713,0,NA
"VIR US Equity",2019,2019,373.46,NA,1,0
"VIR US Equity",2019,2020,83.59,NA,1,1
"VIR US Equity",2019,2021,-7.85,NA,1,2
"VIR US Equity",2019,2022,-6.06,NA,1,3
"VIR US Equity",2019,2023,-4.01,6.287077904,1,4
"VIR US Equity",2019,2024,-5,6.316511631,1,5
"VIR US Equity",2019,2025,-1.3,6.599379539,1,6
"VNDA US Equity",NA,2019,-4.61,NA,0,NA
"VNDA US Equity",NA,2020,-5.56,NA,0,NA
"VNDA US Equity",NA,2021,-4.54,NA,0,NA
"VNDA US Equity",NA,2022,NA,NA,0,NA
"VNDA US Equity",NA,2023,NA,6.556431293,0,NA
"VNDA US Equity",NA,2024,NA,7.011858463,0,NA
"VNDA US Equity",NA,2025,-2.65,6.583094597,0,NA
"VOR US Equity",NA,2019,NA,NA,0,NA
"VOR US Equity",NA,2020,NA,NA,0,NA
"VOR US Equity",NA,2021,NA,NA,0,NA
"VOR US Equity",NA,2022,NA,NA,0,NA
"VOR US Equity",NA,2023,NA,5.685836315,0,NA
"VOR US Equity",NA,2024,NA,5.702180862,0,NA
"VOR US Equity",NA,2025,NA,5.993504047,0,NA
"VRDN US Equity",NA,2019,-8.26,NA,0,NA
"VRDN US Equity",NA,2020,161.1,NA,0,NA
"VRDN US Equity",NA,2021,108.67,NA,0,NA
"VRDN US Equity",NA,2022,458.8,NA,0,NA
"VRDN US Equity",NA,2023,2872.98,6.76842165,0,NA
"VRDN US Equity",NA,2024,2127.03,6.274019241,0,NA
"VRDN US Equity",NA,2025,25.4,6.008093357,0,NA
"VTVT US Equity",NA,2019,59.44,NA,0,NA
"VTVT US Equity",NA,2020,22.34,NA,0,NA
"VTVT US Equity",NA,2021,7.1,NA,0,NA
"VTVT US Equity",NA,2022,39.08,NA,0,NA
"VTVT US Equity",NA,2023,NA,6.690464973,0,NA
"VTVT US Equity",NA,2024,85.51,5.982397079,0,NA
"VTVT US Equity",NA,2025,NA,5.373084545,0,NA
"VTYX US Equity",NA,2019,NA,6.917146206,0,NA
"VTYX US Equity",NA,2020,NA,6.360424519,0,NA
"VTYX US Equity",NA,2021,NA,6.868144512,0,NA
"VTYX US Equity",NA,2022,NA,6.731229305,0,NA
"VTYX US Equity",NA,2023,NA,6.994068146,0,NA
"VTYX US Equity",NA,2024,NA,7.121455669,0,NA
"VTYX US Equity",NA,2025,NA,6.595204353,0,NA
"XFOR US Equity",2019,2019,NA,6.330127716,1,0
"XFOR US Equity",2019,2020,21.79,5.414552212,1,1
"XFOR US Equity",2019,2021,NA,5.549760818,1,2
"XFOR US Equity",2019,2022,NA,5.491882324,1,3
"XFOR US Equity",2019,2023,NA,5.636394978,1,4
"XFOR US Equity",2019,2024,1.64,6.019873619,1,5
"XFOR US Equity",2019,2025,-0.59,5.882015705,1,6
"ZYME US Equity",2023,2019,44.49,NA,0,-4
"ZYME US Equity",2023,2020,22.92,NA,0,-3
"ZYME US Equity",2023,2021,-2.09,NA,0,-2
"ZYME US Equity",2023,2022,-6.36,NA,0,-1
"ZYME US Equity",2023,2023,1.89,4.463330269,1,0
"ZYME US Equity",2023,2024,1.6,6.508711338,1,1
"ZYME US Equity",2023,2025,7.44,6.202158928,1,2
